<?xml version="1.0" encoding="UTF-8"?><idempiere Name="2Pack_1.0.1" Version="1.0.1" idempiereVersion="" DataBaseVersion="" Description="" Author="" AuthorEmail="info@bx-service.com" CreatedDate="2024-09-25 12:50:34.601" UpdatedDate="2024-09-25 12:50:34.601" PackOutVersion="100" UpdateDictionary="false" Client="0-SYSTEM-System" AD_Client_UU="11237b53-9592-4af1-b3c5-afd216514b5d">
    <AD_Process type="table">
        <AD_Client_ID>0</AD_Client_ID>
        <AD_Org_ID>0</AD_Org_ID>
        <IsActive>Y</IsActive>
        <Name>Validate VAT Number</Name>
        <Description>Validates the VAT Number</Description>
        <Help/>
        <ProcedureName/>
        <IsReport>N</IsReport>
        <Value>BXS_VATValidator</Value>
        <IsDirectPrint>N</IsDirectPrint>
        <AD_ReportView_ID reference="id"/>
        <Classname>de.bxservice.vatvalidation.process.VATValidator</Classname>
        <AccessLevel>3</AccessLevel>
        <EntityType>BAY</EntityType>
        <Statistic_Count>79</Statistic_Count>
        <Statistic_Seconds>904</Statistic_Seconds>
        <AD_PrintFormat_ID reference="id"/>
        <WorkflowValue/>
        <AD_Workflow_ID reference="id"/>
        <IsBetaFunctionality>N</IsBetaFunctionality>
        <ShowHelp>Y</ShowHelp>
        <JasperReport/>
        <AD_Form_ID reference="id"/>
        <CopyFromProcess>N</CopyFromProcess>
        <AD_Process_UU>6ba05cd7-3b01-4d34-b168-a46193ad22b2</AD_Process_UU>
        <AD_CtxHelp_ID reference="id"/>
        <ExecutionType/>
        <AllowMultipleExecution>P</AllowMultipleExecution>
        <FileNamePattern/>
        <AD_Process_Trl type="translation">
            <Description>UStID Check</Description>
            <Help/>
            <Name>UStID Check</Name>
            <AD_Language>de_DE</AD_Language>
            <IsActive>Y</IsActive>
            <IsTranslated>Y</IsTranslated>
        </AD_Process_Trl>
        <AD_Process_Trl type="translation">
            <Description>Validates the VAT Number</Description>
            <Help/>
            <Name>Validate VAT Number</Name>
            <AD_Language>en_US</AD_Language>
            <IsActive>Y</IsActive>
            <IsTranslated>Y</IsTranslated>
        </AD_Process_Trl>
        <AD_Reference type="table">
            <AD_Client_ID>0</AD_Client_ID>
            <AD_Org_ID>0</AD_Org_ID>
            <Name>BXS_VATValidationService</Name>
            <Description/>
            <Help/>
            <ValidationType>L</ValidationType>
            <IsActive>Y</IsActive>
            <VFormat/>
            <EntityType>BAY</EntityType>
            <IsOrderByValue>N</IsOrderByValue>
            <AD_Reference_UU>31cf115d-9110-4c44-96de-ec90f895ea94</AD_Reference_UU>
            <AD_Element_ID reference="id"/>
            <ShowInactive>N</ShowInactive>
            <AD_Reference_Trl type="translation">
                <Description/>
                <Help/>
                <Name>BXS_VATValidationService</Name>
                <AD_Language>de_DE</AD_Language>
                <IsActive>Y</IsActive>
                <IsTranslated>N</IsTranslated>
            </AD_Reference_Trl>
            <AD_Reference_Trl type="translation">
                <Description/>
                <Help/>
                <Name>BXS_VATValidationService</Name>
                <AD_Language>en_US</AD_Language>
                <IsActive>Y</IsActive>
                <IsTranslated>Y</IsTranslated>
            </AD_Reference_Trl>
            <AD_Ref_List type="table">
                <AD_Client_ID>0</AD_Client_ID>
                <AD_Org_ID>0</AD_Org_ID>
                <Name>VIES</Name>
                <Description/>
                <AD_Reference_ID reference="uuid" reference-key="AD_Reference">31cf115d-9110-4c44-96de-ec90f895ea94</AD_Reference_ID>
                <ValidFrom/>
                <ValidTo/>
                <Value>VIES</Value>
                <IsActive>Y</IsActive>
                <EntityType>BAY</EntityType>
                <AD_Ref_List_UU>5f96a24d-482b-4f09-b677-d53fe89c611b</AD_Ref_List_UU>
                <AD_Ref_List_Trl type="translation">
                    <Description/>
                    <Name>VIES</Name>
                    <AD_Language>de_DE</AD_Language>
                    <IsActive>Y</IsActive>
                    <IsTranslated>N</IsTranslated>
                </AD_Ref_List_Trl>
                <AD_Ref_List_Trl type="translation">
                    <Description/>
                    <Name>VIES</Name>
                    <AD_Language>en_US</AD_Language>
                    <IsActive>Y</IsActive>
                    <IsTranslated>Y</IsTranslated>
                </AD_Ref_List_Trl>
            </AD_Ref_List>
            <AD_Ref_List type="table">
                <AD_Client_ID>0</AD_Client_ID>
                <AD_Org_ID>0</AD_Org_ID>
                <Name>eVatR</Name>
                <Description>German Bundeszentralamt für Steuern (BZSt) eVatR</Description>
                <AD_Reference_ID reference="uuid" reference-key="AD_Reference">31cf115d-9110-4c44-96de-ec90f895ea94</AD_Reference_ID>
                <ValidFrom/>
                <ValidTo/>
                <Value>eVatR</Value>
                <IsActive>Y</IsActive>
                <EntityType>BAY</EntityType>
                <AD_Ref_List_UU>c932ce52-d74b-4484-9e26-206dec066890</AD_Ref_List_UU>
                <AD_Ref_List_Trl type="translation">
                    <Description>German Bundeszentralamt für Steuern (BZSt) eVatR</Description>
                    <Name>eVatR</Name>
                    <AD_Language>de_DE</AD_Language>
                    <IsActive>Y</IsActive>
                    <IsTranslated>N</IsTranslated>
                </AD_Ref_List_Trl>
                <AD_Ref_List_Trl type="translation">
                    <Description>German Bundeszentralamt für Steuern (BZSt) eVatR</Description>
                    <Name>eVatR</Name>
                    <AD_Language>en_US</AD_Language>
                    <IsActive>Y</IsActive>
                    <IsTranslated>Y</IsTranslated>
                </AD_Ref_List_Trl>
            </AD_Ref_List>
        </AD_Reference>
        <AD_Element type="table">
            <AD_Client_ID>0</AD_Client_ID>
            <AD_Org_ID>0</AD_Org_ID>
            <IsActive>Y</IsActive>
            <ColumnName>BXS_VATValidationService</ColumnName>
            <Name>VAT Validation Service</Name>
            <Description/>
            <Help/>
            <PrintName>VAT Validation Service</PrintName>
            <PO_Description/>
            <PO_Help/>
            <PO_Name/>
            <PO_PrintName/>
            <EntityType>BAY</EntityType>
            <AD_Element_UU>bb19aa31-e472-4a3d-b03b-83ad0ca5b427</AD_Element_UU>
            <Placeholder/>
            <AD_Element_Trl type="translation">
                <Description/>
                <Help/>
                <Name>UStID-Validierungsservice</Name>
                <Placeholder/>
                <PO_Description/>
                <PO_Help/>
                <PO_Name/>
                <PO_PrintName/>
                <PrintName>UStID-Validierungsservice</PrintName>
                <AD_Language>de_DE</AD_Language>
                <IsActive>Y</IsActive>
                <IsTranslated>Y</IsTranslated>
            </AD_Element_Trl>
            <AD_Element_Trl type="translation">
                <Description/>
                <Help/>
                <Name>VAT Validation Service</Name>
                <Placeholder/>
                <PO_Description/>
                <PO_Help/>
                <PO_Name/>
                <PO_PrintName/>
                <PrintName>VAT Validation Service</PrintName>
                <AD_Language>en_US</AD_Language>
                <IsActive>Y</IsActive>
                <IsTranslated>Y</IsTranslated>
            </AD_Element_Trl>
        </AD_Element>
        <AD_Process_Para type="table">
            <AD_Client_ID>0</AD_Client_ID>
            <AD_Org_ID>0</AD_Org_ID>
            <IsActive>Y</IsActive>
            <Name>VAT Validation Service</Name>
            <Description/>
            <Help/>
            <AD_Process_ID reference="uuid" reference-key="AD_Process">6ba05cd7-3b01-4d34-b168-a46193ad22b2</AD_Process_ID>
            <SeqNo>5</SeqNo>
            <AD_Reference_ID reference="id">17</AD_Reference_ID>
            <AD_Reference_Value_ID reference="uuid" reference-key="AD_Reference">31cf115d-9110-4c44-96de-ec90f895ea94</AD_Reference_Value_ID>
            <IsRange>N</IsRange>
            <AD_Val_Rule_ID reference="id"/>
            <FieldLength>5</FieldLength>
            <IsMandatory>Y</IsMandatory>
            <DefaultValue/>
            <VFormat/>
            <ValueMin/>
            <ValueMax/>
            <ColumnName>BXS_VATValidationService</ColumnName>
            <DefaultValue2/>
            <IsCentrallyMaintained>Y</IsCentrallyMaintained>
            <EntityType>BAY</EntityType>
            <AD_Element_ID reference="uuid" reference-key="AD_Element">bb19aa31-e472-4a3d-b03b-83ad0ca5b427</AD_Element_ID>
            <ReadOnlyLogic/>
            <DisplayLogic/>
            <AD_Process_Para_UU>39017544-4e34-469e-a231-2e2e7697de38</AD_Process_Para_UU>
            <IsEncrypted>N</IsEncrypted>
            <MandatoryLogic/>
            <Query/>
            <AD_FieldGroup_ID reference="id"/>
            <Placeholder/>
            <Placeholder2/>
            <IsAutocomplete>N</IsAutocomplete>
            <DateRangeOption>D</DateRangeOption>
            <IsShowNegateButton>N</IsShowNegateButton>
            <AD_Process_Para_Trl type="translation">
                <Description/>
                <Help/>
                <Name>UStID-Validierungsservice</Name>
                <Placeholder/>
                <Placeholder2/>
                <AD_Language>de_DE</AD_Language>
                <IsActive>Y</IsActive>
                <IsTranslated>Y</IsTranslated>
            </AD_Process_Para_Trl>
            <AD_Process_Para_Trl type="translation">
                <Description/>
                <Help/>
                <Name>VAT Validation Service</Name>
                <Placeholder/>
                <Placeholder2/>
                <AD_Language>en_US</AD_Language>
                <IsActive>Y</IsActive>
                <IsTranslated>Y</IsTranslated>
            </AD_Process_Para_Trl>
        </AD_Process_Para>
        <AD_Process_Para type="table">
            <AD_Client_ID>0</AD_Client_ID>
            <AD_Org_ID>0</AD_Org_ID>
            <IsActive>Y</IsActive>
            <Name>Update Name</Name>
            <Description>Defines if the name of the Business Partner should be updated to match exactly the returning name from the validation</Description>
            <Help/>
            <AD_Process_ID reference="uuid" reference-key="AD_Process">6ba05cd7-3b01-4d34-b168-a46193ad22b2</AD_Process_ID>
            <SeqNo>10</SeqNo>
            <AD_Reference_ID reference="id">20</AD_Reference_ID>
            <AD_Reference_Value_ID reference="id"/>
            <IsRange>N</IsRange>
            <AD_Val_Rule_ID reference="id"/>
            <FieldLength>0</FieldLength>
            <IsMandatory>Y</IsMandatory>
            <DefaultValue>N</DefaultValue>
            <VFormat/>
            <ValueMin/>
            <ValueMax/>
            <ColumnName>IsUpdateName</ColumnName>
            <DefaultValue2/>
            <IsCentrallyMaintained>N</IsCentrallyMaintained>
            <EntityType>BAY</EntityType>
            <AD_Element_ID reference="id"/>
            <ReadOnlyLogic/>
            <DisplayLogic>@BXS_VATValidationService@=VIES</DisplayLogic>
            <AD_Process_Para_UU>f97fd387-759e-4df9-81ac-e76cd368d670</AD_Process_Para_UU>
            <IsEncrypted>N</IsEncrypted>
            <MandatoryLogic/>
            <Query/>
            <AD_FieldGroup_ID reference="id"/>
            <Placeholder/>
            <Placeholder2/>
            <IsAutocomplete>N</IsAutocomplete>
            <DateRangeOption>D</DateRangeOption>
            <IsShowNegateButton>N</IsShowNegateButton>
            <AD_Process_Para_Trl type="translation">
                <Description/>
                <Help/>
                <Name>Namen aktualisieren</Name>
                <Placeholder/>
                <Placeholder2/>
                <AD_Language>de_DE</AD_Language>
                <IsActive>Y</IsActive>
                <IsTranslated>Y</IsTranslated>
            </AD_Process_Para_Trl>
            <AD_Process_Para_Trl type="translation">
                <Description/>
                <Help/>
                <Name>Update Name</Name>
                <Placeholder/>
                <Placeholder2/>
                <AD_Language>en_US</AD_Language>
                <IsActive>Y</IsActive>
                <IsTranslated>Y</IsTranslated>
            </AD_Process_Para_Trl>
        </AD_Process_Para>
        <AD_Process_Para type="table">
            <AD_Client_ID>0</AD_Client_ID>
            <AD_Org_ID>0</AD_Org_ID>
            <IsActive>Y</IsActive>
            <Name>Organization</Name>
            <Description>Organizational entity within tenant</Description>
            <Help>An organization is a unit of your tenant or legal entity - examples are store, department. You can share data between organizations.</Help>
            <AD_Process_ID reference="uuid" reference-key="AD_Process">6ba05cd7-3b01-4d34-b168-a46193ad22b2</AD_Process_ID>
            <SeqNo>20</SeqNo>
            <AD_Reference_ID reference="id">19</AD_Reference_ID>
            <AD_Reference_Value_ID reference="id"/>
            <IsRange>N</IsRange>
            <AD_Val_Rule_ID reference="id">202</AD_Val_Rule_ID>
            <FieldLength>0</FieldLength>
            <IsMandatory>N</IsMandatory>
            <DefaultValue>@#AD_Org_ID@</DefaultValue>
            <VFormat/>
            <ValueMin/>
            <ValueMax/>
            <ColumnName>AD_Org_ID</ColumnName>
            <DefaultValue2/>
            <IsCentrallyMaintained>Y</IsCentrallyMaintained>
            <EntityType>BAY</EntityType>
            <AD_Element_ID reference="id">113</AD_Element_ID>
            <ReadOnlyLogic/>
            <DisplayLogic>@BXS_VATValidationService@=eVatR</DisplayLogic>
            <AD_Process_Para_UU>368c60d3-048b-49c7-a86e-837fbe659f04</AD_Process_Para_UU>
            <IsEncrypted>N</IsEncrypted>
            <MandatoryLogic>@BXS_VATValidationService@=eVatR</MandatoryLogic>
            <Query/>
            <AD_FieldGroup_ID reference="id"/>
            <Placeholder/>
            <Placeholder2/>
            <IsAutocomplete>N</IsAutocomplete>
            <DateRangeOption>D</DateRangeOption>
            <IsShowNegateButton>N</IsShowNegateButton>
            <AD_Process_Para_Trl type="translation">
                <Description>Organisatorische Einheit innerhalb des Mandanten</Description>
                <Help>Eine "Organisation" ist die Geschäftseinheit eines Mandanten oder eine juristische Person, z.B. ein Geschäft oder eine Abteilung. Organisationen können gemeinsam auf Daten zugreifen, bzw. die Daten gemeinsam verwenden.</Help>
                <Name>Organisation</Name>
                <Placeholder/>
                <Placeholder2/>
                <AD_Language>de_DE</AD_Language>
                <IsActive>Y</IsActive>
                <IsTranslated>Y</IsTranslated>
            </AD_Process_Para_Trl>
            <AD_Process_Para_Trl type="translation">
                <Description>Organizational entity within client</Description>
                <Help>An organization is a unit of your client or legal entity - examples are store, department. You can share data between organizations.</Help>
                <Name>Organization</Name>
                <Placeholder/>
                <Placeholder2/>
                <AD_Language>en_US</AD_Language>
                <IsActive>Y</IsActive>
                <IsTranslated>N</IsTranslated>
            </AD_Process_Para_Trl>
        </AD_Process_Para>
        <AD_Process_Para type="table">
            <AD_Client_ID>0</AD_Client_ID>
            <AD_Org_ID>0</AD_Org_ID>
            <IsActive>Y</IsActive>
            <Name>Partner Location</Name>
            <Description>Identifies the (ship to) address for this Business Partner</Description>
            <Help>The Partner address indicates the location of a Business Partner</Help>
            <AD_Process_ID reference="uuid" reference-key="AD_Process">6ba05cd7-3b01-4d34-b168-a46193ad22b2</AD_Process_ID>
            <SeqNo>30</SeqNo>
            <AD_Reference_ID reference="id">19</AD_Reference_ID>
            <AD_Reference_Value_ID reference="id"/>
            <IsRange>N</IsRange>
            <AD_Val_Rule_ID reference="id">131</AD_Val_Rule_ID>
            <FieldLength>22</FieldLength>
            <IsMandatory>N</IsMandatory>
            <DefaultValue/>
            <VFormat/>
            <ValueMin/>
            <ValueMax/>
            <ColumnName>C_BPartner_Location_ID</ColumnName>
            <DefaultValue2/>
            <IsCentrallyMaintained>Y</IsCentrallyMaintained>
            <EntityType>BAY</EntityType>
            <AD_Element_ID reference="id">189</AD_Element_ID>
            <ReadOnlyLogic/>
            <DisplayLogic>@BXS_VATValidationService@=eVatR</DisplayLogic>
            <AD_Process_Para_UU>c0c8383f-af19-479c-8e52-2ac8e4f9191d</AD_Process_Para_UU>
            <IsEncrypted>N</IsEncrypted>
            <MandatoryLogic/>
            <Query/>
            <AD_FieldGroup_ID reference="id"/>
            <Placeholder/>
            <Placeholder2/>
            <IsAutocomplete>N</IsAutocomplete>
            <DateRangeOption>D</DateRangeOption>
            <IsShowNegateButton>N</IsShowNegateButton>
            <AD_Process_Para_Trl type="translation">
                <Description>Zeigt die (Liefer-)Adresse des Geschäftspartners</Description>
                <Help>Kennzeichnet den Standort des Geschäftspartners</Help>
                <Name>Partnerstandort</Name>
                <Placeholder/>
                <Placeholder2/>
                <AD_Language>de_DE</AD_Language>
                <IsActive>Y</IsActive>
                <IsTranslated>Y</IsTranslated>
            </AD_Process_Para_Trl>
            <AD_Process_Para_Trl type="translation">
                <Description>Identifies the (ship to) address for this Business Partner</Description>
                <Help>The Partner address indicates the location of a Business Partner</Help>
                <Name>Partner Location</Name>
                <Placeholder/>
                <Placeholder2/>
                <AD_Language>en_US</AD_Language>
                <IsActive>Y</IsActive>
                <IsTranslated>Y</IsTranslated>
            </AD_Process_Para_Trl>
        </AD_Process_Para>
    </AD_Process>
    <AD_Message type="table">
        <AD_Client_ID>0</AD_Client_ID>
        <AD_Org_ID>0</AD_Org_ID>
        <MsgType>I</MsgType>
        <MsgText>A = matches</MsgText>
        <MsgTip/>
        <IsActive>Y</IsActive>
        <Value>BXS_eVatR_Erg_A</Value>
        <EntityType>BAY</EntityType>
        <AD_Message_UU>0b3cc5a0-9723-4844-9ef4-52fd0aa5da82</AD_Message_UU>
        <AD_Message_Trl type="translation">
            <MsgText>A = stimmt überein</MsgText>
            <MsgTip/>
            <AD_Language>de_DE</AD_Language>
            <IsActive>Y</IsActive>
            <IsTranslated>Y</IsTranslated>
        </AD_Message_Trl>
        <AD_Message_Trl type="translation">
            <MsgText>A = matches</MsgText>
            <MsgTip/>
            <AD_Language>en_US</AD_Language>
            <IsActive>Y</IsActive>
            <IsTranslated>Y</IsTranslated>
        </AD_Message_Trl>
    </AD_Message>
    <AD_Message type="table">
        <AD_Client_ID>0</AD_Client_ID>
        <AD_Org_ID>0</AD_Org_ID>
        <MsgType>E</MsgType>
        <MsgText>B = does not match</MsgText>
        <MsgTip/>
        <IsActive>Y</IsActive>
        <Value>BXS_eVatR_Erg_B</Value>
        <EntityType>BAY</EntityType>
        <AD_Message_UU>1457f26e-8874-4621-8d61-5a3874f21d45</AD_Message_UU>
        <AD_Message_Trl type="translation">
            <MsgText>B = stimmt nicht überein</MsgText>
            <MsgTip/>
            <AD_Language>de_DE</AD_Language>
            <IsActive>Y</IsActive>
            <IsTranslated>Y</IsTranslated>
        </AD_Message_Trl>
        <AD_Message_Trl type="translation">
            <MsgText>B = does not match</MsgText>
            <MsgTip/>
            <AD_Language>en_US</AD_Language>
            <IsActive>Y</IsActive>
            <IsTranslated>Y</IsTranslated>
        </AD_Message_Trl>
    </AD_Message>
    <AD_Message type="table">
        <AD_Client_ID>0</AD_Client_ID>
        <AD_Org_ID>0</AD_Org_ID>
        <MsgType>I</MsgType>
        <MsgText>C = not requested</MsgText>
        <MsgTip/>
        <IsActive>Y</IsActive>
        <Value>BXS_eVatR_Erg_C</Value>
        <EntityType>BAY</EntityType>
        <AD_Message_UU>38594a0e-c6f8-40ed-b1dc-1604e84491ba</AD_Message_UU>
        <AD_Message_Trl type="translation">
            <MsgText>C = nicht angefragt</MsgText>
            <MsgTip/>
            <AD_Language>de_DE</AD_Language>
            <IsActive>Y</IsActive>
            <IsTranslated>Y</IsTranslated>
        </AD_Message_Trl>
        <AD_Message_Trl type="translation">
            <MsgText>C = not requested</MsgText>
            <MsgTip/>
            <AD_Language>en_US</AD_Language>
            <IsActive>Y</IsActive>
            <IsTranslated>Y</IsTranslated>
        </AD_Message_Trl>
    </AD_Message>
    <AD_Message type="table">
        <AD_Client_ID>0</AD_Client_ID>
        <AD_Org_ID>0</AD_Org_ID>
        <MsgType>I</MsgType>
        <MsgText>D = not communicated by the EU Member State</MsgText>
        <MsgTip/>
        <IsActive>Y</IsActive>
        <Value>BXS_eVatR_Erg_D</Value>
        <EntityType>BAY</EntityType>
        <AD_Message_UU>69859a5b-a651-4e9d-b96d-6aa1464d522a</AD_Message_UU>
        <AD_Message_Trl type="translation">
            <MsgText>D = vom EU-Mitgliedsstaat nicht mitgeteilt</MsgText>
            <MsgTip/>
            <AD_Language>de_DE</AD_Language>
            <IsActive>Y</IsActive>
            <IsTranslated>Y</IsTranslated>
        </AD_Message_Trl>
        <AD_Message_Trl type="translation">
            <MsgText>D = not communicated by the EU Member State</MsgText>
            <MsgTip/>
            <AD_Language>en_US</AD_Language>
            <IsActive>Y</IsActive>
            <IsTranslated>Y</IsTranslated>
        </AD_Message_Trl>
    </AD_Message>
    <AD_Message type="table">
        <AD_Client_ID>0</AD_Client_ID>
        <AD_Org_ID>0</AD_Org_ID>
        <MsgType>I</MsgType>
        <MsgText>The requested VAT ID is valid.</MsgText>
        <MsgTip/>
        <IsActive>Y</IsActive>
        <Value>BXS_eVatR_Error_200</Value>
        <EntityType>BAY</EntityType>
        <AD_Message_UU>b81eed63-7e79-4bc9-b042-bbbd7161bde2</AD_Message_UU>
        <AD_Message_Trl type="translation">
            <MsgText>Die angefragte USt-IdNr. ist gültig.</MsgText>
            <MsgTip/>
            <AD_Language>de_DE</AD_Language>
            <IsActive>Y</IsActive>
            <IsTranslated>Y</IsTranslated>
        </AD_Message_Trl>
        <AD_Message_Trl type="translation">
            <MsgText>The requested VAT ID is valid.</MsgText>
            <MsgTip/>
            <AD_Language>en_US</AD_Language>
            <IsActive>Y</IsActive>
            <IsTranslated>Y</IsTranslated>
        </AD_Message_Trl>
    </AD_Message>
    <AD_Message type="table">
        <AD_Client_ID>0</AD_Client_ID>
        <AD_Org_ID>0</AD_Org_ID>
        <MsgType>E</MsgType>
        <MsgText>The requested VAT number is invalid.</MsgText>
        <MsgTip/>
        <IsActive>Y</IsActive>
        <Value>BXS_eVatR_Error_201</Value>
        <EntityType>BAY</EntityType>
        <AD_Message_UU>83667324-1d1c-4d73-93aa-8e28d4fe35b2</AD_Message_UU>
        <AD_Message_Trl type="translation">
            <MsgText>Die angefragte USt-IdNr. ist ungültig.</MsgText>
            <MsgTip/>
            <AD_Language>de_DE</AD_Language>
            <IsActive>Y</IsActive>
            <IsTranslated>Y</IsTranslated>
        </AD_Message_Trl>
        <AD_Message_Trl type="translation">
            <MsgText>The requested VAT number is invalid.</MsgText>
            <MsgTip/>
            <AD_Language>en_US</AD_Language>
            <IsActive>Y</IsActive>
            <IsTranslated>Y</IsTranslated>
        </AD_Message_Trl>
    </AD_Message>
    <AD_Message type="table">
        <AD_Client_ID>0</AD_Client_ID>
        <AD_Org_ID>0</AD_Org_ID>
        <MsgType>E</MsgType>
        <MsgText>The requested VAT number is invalid. It is not in the entrepreneur's file of the EU Member State registered.</MsgText>
        <MsgTip>Note :
Your business partner can find out his valid VAT number from his local tax authority. He may have to submit an application to have his VAT number added to the database.</MsgTip>
        <IsActive>Y</IsActive>
        <Value>BXS_eVatR_Error_202</Value>
        <EntityType>BAY</EntityType>
        <AD_Message_UU>3dc3a8bd-4914-40e0-b544-0a965d512353</AD_Message_UU>
        <AD_Message_Trl type="translation">
            <MsgText>Die angefragte USt-IdNr. ist ungültig. Sie ist nicht in der Unternehmerdatei des betreffenden EU-Mitgliedstaates registriert.</MsgText>
            <MsgTip>Hinweis:
Ihr Geschäftspartner kann seine gültige USt-IdNr. bei der für ihn zuständigen Finanzbehörde in Erfahrung bringen. Möglicherweise muss er einen Antrag stellen, damit seine USt-IdNr. in die Datenbank aufgenommen wird.</MsgTip>
            <AD_Language>de_DE</AD_Language>
            <IsActive>Y</IsActive>
            <IsTranslated>Y</IsTranslated>
        </AD_Message_Trl>
        <AD_Message_Trl type="translation">
            <MsgText>The requested VAT number is invalid. It is not in the entrepreneur's file of the EU Member State registered.</MsgText>
            <MsgTip>Note :
Your business partner can find out his valid VAT number from his local tax authority. He may have to submit an application to have his VAT number added to the database.</MsgTip>
            <AD_Language>en_US</AD_Language>
            <IsActive>Y</IsActive>
            <IsTranslated>Y</IsTranslated>
        </AD_Message_Trl>
    </AD_Message>
    <AD_Message type="table">
        <AD_Client_ID>0</AD_Client_ID>
        <AD_Org_ID>0</AD_Org_ID>
        <MsgType>E</MsgType>
        <MsgText>The requested VAT number is invalid. It is only valid from the ... (see field 'Gueltig_ab').</MsgText>
        <MsgTip/>
        <IsActive>Y</IsActive>
        <Value>BXS_eVatR_Error_203</Value>
        <EntityType>BAY</EntityType>
        <AD_Message_UU>00cd737c-6188-4565-b093-4c6a216a48b5</AD_Message_UU>
        <AD_Message_Trl type="translation">
            <MsgText>Die angefragte USt-IdNr. ist ungültig. Sie ist erst ab dem ... gültig (siehe Feld 'Gueltig_ab').</MsgText>
            <MsgTip/>
            <AD_Language>de_DE</AD_Language>
            <IsActive>Y</IsActive>
            <IsTranslated>Y</IsTranslated>
        </AD_Message_Trl>
        <AD_Message_Trl type="translation">
            <MsgText>The requested VAT number is invalid. It is only valid from the ... (see field 'Gueltig_ab').</MsgText>
            <MsgTip/>
            <AD_Language>en_US</AD_Language>
            <IsActive>Y</IsActive>
            <IsTranslated>Y</IsTranslated>
        </AD_Message_Trl>
    </AD_Message>
    <AD_Message type="table">
        <AD_Client_ID>0</AD_Client_ID>
        <AD_Org_ID>0</AD_Org_ID>
        <MsgType>E</MsgType>
        <MsgText>The requested VAT number is invalid. It was valid from ... to ... (see fields 'Gueltig_ab' and 'Gueltig_bis').</MsgText>
        <MsgTip/>
        <IsActive>Y</IsActive>
        <Value>BXS_eVatR_Error_204</Value>
        <EntityType>BAY</EntityType>
        <AD_Message_UU>5bacddc9-9687-4fc6-a0fc-0a3f1fc7ddcd</AD_Message_UU>
        <AD_Message_Trl type="translation">
            <MsgText>Die angefragte USt-IdNr. ist ungültig. Sie war im Zeitraum von ... bis ... gültig (siehe Feld 'Gueltig_ab' und 'Gueltig_bis').</MsgText>
            <MsgTip/>
            <AD_Language>de_DE</AD_Language>
            <IsActive>Y</IsActive>
            <IsTranslated>Y</IsTranslated>
        </AD_Message_Trl>
        <AD_Message_Trl type="translation">
            <MsgText>The requested VAT number is invalid. It was valid from ... to ... (see fields 'Gueltig_ab' and 'Gueltig_bis').</MsgText>
            <MsgTip/>
            <AD_Language>en_US</AD_Language>
            <IsActive>Y</IsActive>
            <IsTranslated>Y</IsTranslated>
        </AD_Message_Trl>
    </AD_Message>
    <AD_Message type="table">
        <AD_Client_ID>0</AD_Client_ID>
        <AD_Org_ID>0</AD_Org_ID>
        <MsgType>E</MsgType>
        <MsgText>Your request may not be currently possible through the requested EU Member State or for other reasons be answered. Please try again later. In case of repeated problems Please contact the Bundeszentralamt für Steuern - Dienstsitz Saarlouis.</MsgText>
        <MsgTip/>
        <IsActive>Y</IsActive>
        <Value>BXS_eVatR_Error_205</Value>
        <EntityType>BAY</EntityType>
        <AD_Message_UU>65cab9d5-8b55-482c-9357-21cff34df53a</AD_Message_UU>
        <AD_Message_Trl type="translation">
            <MsgText>Ihre Anfrage kann derzeit durch den angefragten EU-Mitgliedstaat oder aus anderen Gründen nicht beantwortet werden. Bitte versuchen Sie es später noch einmal. Bei wiederholten Problemen wenden Sie sich bitte an das Bundeszentralamt für Steuern - Dienstsitz Saarlouis.</MsgText>
            <MsgTip/>
            <AD_Language>de_DE</AD_Language>
            <IsActive>Y</IsActive>
            <IsTranslated>Y</IsTranslated>
        </AD_Message_Trl>
        <AD_Message_Trl type="translation">
            <MsgText>Your request may not be currently possible through the requested EU Member State or for other reasons be answered. Please try again later. In case of repeated problems Please contact the Bundeszentralamt für Steuern - Dienstsitz Saarlouis.</MsgText>
            <MsgTip/>
            <AD_Language>en_US</AD_Language>
            <IsActive>Y</IsActive>
            <IsTranslated>Y</IsTranslated>
        </AD_Message_Trl>
    </AD_Message>
    <AD_Message type="table">
        <AD_Client_ID>0</AD_Client_ID>
        <AD_Org_ID>0</AD_Org_ID>
        <MsgType>E</MsgType>
        <MsgText>Your German VAT number is invalid. A confirmation request is therefore not possible. The reason for this can be found at the Bundeszentralamt für Steuern - Dienstsitz Saarlouis.</MsgText>
        <MsgTip/>
        <IsActive>Y</IsActive>
        <Value>BXS_eVatR_Error_206</Value>
        <EntityType>BAY</EntityType>
        <AD_Message_UU>d51c10a6-0204-4813-aaa3-b9712d8b2a11</AD_Message_UU>
        <AD_Message_Trl type="translation">
            <MsgText>Ihre deutsche USt-IdNr. ist ungültig. Eine Bestätigungsanfrage ist daher nicht möglich. Den Grund hierfür können Sie beim Bundeszentralamt für Steuern - Dienstsitz Saarlouis - erfragen.</MsgText>
            <MsgTip/>
            <AD_Language>de_DE</AD_Language>
            <IsActive>Y</IsActive>
            <IsTranslated>Y</IsTranslated>
        </AD_Message_Trl>
        <AD_Message_Trl type="translation">
            <MsgText>Your German VAT number is invalid. A confirmation request is therefore not possible. The reason for this can be found at the Bundeszentralamt für Steuern - Dienstsitz Saarlouis.</MsgText>
            <MsgTip/>
            <AD_Language>en_US</AD_Language>
            <IsActive>Y</IsActive>
            <IsTranslated>Y</IsTranslated>
        </AD_Message_Trl>
    </AD_Message>
    <AD_Message type="table">
        <AD_Client_ID>0</AD_Client_ID>
        <AD_Org_ID>0</AD_Org_ID>
        <MsgType>E</MsgType>
        <MsgText>For the VAT ID number you requested is currently running a request from another user. It is therefore not possible to process. Please try again later.</MsgText>
        <MsgTip/>
        <IsActive>Y</IsActive>
        <Value>BXS_eVatR_Error_208</Value>
        <EntityType>BAY</EntityType>
        <AD_Message_UU>4a51863a-3e53-4b49-9840-22c733888817</AD_Message_UU>
        <AD_Message_Trl type="translation">
            <MsgText>Für die von Ihnen angefragte USt-IdNr. läuft gerade eine Anfrage von einem anderen Nutzer. Eine Bearbeitung ist daher nicht möglich. Bitte versuchen Sie es später noch einmal.</MsgText>
            <MsgTip/>
            <AD_Language>de_DE</AD_Language>
            <IsActive>Y</IsActive>
            <IsTranslated>Y</IsTranslated>
        </AD_Message_Trl>
        <AD_Message_Trl type="translation">
            <MsgText>For the VAT ID number you requested is currently running a request from another user. It is therefore not possible to process. Please try again later.</MsgText>
            <MsgTip/>
            <AD_Language>en_US</AD_Language>
            <IsActive>Y</IsActive>
            <IsTranslated>Y</IsTranslated>
        </AD_Message_Trl>
    </AD_Message>
    <AD_Message type="table">
        <AD_Client_ID>0</AD_Client_ID>
        <AD_Org_ID>0</AD_Org_ID>
        <MsgType>E</MsgType>
        <MsgText>The requested VAT number is invalid. It does not correspond to the structure of the EU Member State applies.</MsgText>
        <MsgTip/>
        <IsActive>Y</IsActive>
        <Value>BXS_eVatR_Error_209</Value>
        <EntityType>BAY</EntityType>
        <AD_Message_UU>aa369722-a26b-4f3b-af49-55bfaa551c04</AD_Message_UU>
        <AD_Message_Trl type="translation">
            <MsgText>Die angefragte USt-IdNr. ist ungültig. Sie entspricht nicht dem Aufbau der für diesen EU-Mitgliedstaat gilt.</MsgText>
            <MsgTip/>
            <AD_Language>de_DE</AD_Language>
            <IsActive>Y</IsActive>
            <IsTranslated>Y</IsTranslated>
        </AD_Message_Trl>
        <AD_Message_Trl type="translation">
            <MsgText>The requested VAT number is invalid. It does not correspond to the structure of the EU Member State applies.</MsgText>
            <MsgTip/>
            <AD_Language>en_US</AD_Language>
            <IsActive>Y</IsActive>
            <IsTranslated>Y</IsTranslated>
        </AD_Message_Trl>
    </AD_Message>
    <AD_Message type="table">
        <AD_Client_ID>0</AD_Client_ID>
        <AD_Org_ID>0</AD_Org_ID>
        <MsgType>E</MsgType>
        <MsgText>The requested VAT number is invalid. It does not comply with the check digit rules apply to this EU Member State.</MsgText>
        <MsgTip/>
        <IsActive>Y</IsActive>
        <Value>BXS_eVatR_Error_210</Value>
        <EntityType>BAY</EntityType>
        <AD_Message_UU>0b4befc9-032f-45d1-93d3-a2b795b6053e</AD_Message_UU>
        <AD_Message_Trl type="translation">
            <MsgText>Die angefragte USt-IdNr. ist ungültig. Sie entspricht nicht den Prüfziffernregeln die für diesen EU-Mitgliedstaat gelten.</MsgText>
            <MsgTip/>
            <AD_Language>de_DE</AD_Language>
            <IsActive>Y</IsActive>
            <IsTranslated>Y</IsTranslated>
        </AD_Message_Trl>
        <AD_Message_Trl type="translation">
            <MsgText>The requested VAT number is invalid. It does not comply with the check digit rules apply to this EU Member State.</MsgText>
            <MsgTip/>
            <AD_Language>en_US</AD_Language>
            <IsActive>Y</IsActive>
            <IsTranslated>Y</IsTranslated>
        </AD_Message_Trl>
    </AD_Message>
    <AD_Message type="table">
        <AD_Client_ID>0</AD_Client_ID>
        <AD_Org_ID>0</AD_Org_ID>
        <MsgType>E</MsgType>
        <MsgText>The requested VAT number is invalid. It contains inadmissible signs (such as e.g. Spaces or dot or hyphen etc.).</MsgText>
        <MsgTip/>
        <IsActive>Y</IsActive>
        <Value>BXS_eVatR_Error_211</Value>
        <EntityType>BAY</EntityType>
        <AD_Message_UU>18fe6c0f-7bac-491f-81bf-8db940cc8eac</AD_Message_UU>
        <AD_Message_Trl type="translation">
            <MsgText>Die angefragte USt-IdNr. ist ungültig. Sie enthält unzulässige Zeichen (wie z.B. Leerzeichen oder Punkt oder Bindestrich usw.).</MsgText>
            <MsgTip/>
            <AD_Language>de_DE</AD_Language>
            <IsActive>Y</IsActive>
            <IsTranslated>Y</IsTranslated>
        </AD_Message_Trl>
        <AD_Message_Trl type="translation">
            <MsgText>The requested VAT number is invalid. It contains inadmissible signs (such as e.g. Spaces or dot or hyphen etc.).</MsgText>
            <MsgTip/>
            <AD_Language>en_US</AD_Language>
            <IsActive>Y</IsActive>
            <IsTranslated>Y</IsTranslated>
        </AD_Message_Trl>
    </AD_Message>
    <AD_Message type="table">
        <AD_Client_ID>0</AD_Client_ID>
        <AD_Org_ID>0</AD_Org_ID>
        <MsgType>E</MsgType>
        <MsgText>The requested VAT ID number is invalid. It contains an invalid country code.</MsgText>
        <MsgTip/>
        <IsActive>Y</IsActive>
        <Value>BXS_eVatR_Error_212</Value>
        <EntityType>BAY</EntityType>
        <AD_Message_UU>98c70220-8ac1-460d-b77c-59ac9ea320da</AD_Message_UU>
        <AD_Message_Trl type="translation">
            <MsgText>Die angefragte USt-IdNr. ist ungültig. Sie enthält ein unzulässiges Länderkennzeichen.</MsgText>
            <MsgTip/>
            <AD_Language>de_DE</AD_Language>
            <IsActive>Y</IsActive>
            <IsTranslated>Y</IsTranslated>
        </AD_Message_Trl>
        <AD_Message_Trl type="translation">
            <MsgText>The requested VAT ID number is invalid. It contains an invalid country code.</MsgText>
            <MsgTip/>
            <AD_Language>en_US</AD_Language>
            <IsActive>Y</IsActive>
            <IsTranslated>Y</IsTranslated>
        </AD_Message_Trl>
    </AD_Message>
    <AD_Message type="table">
        <AD_Client_ID>0</AD_Client_ID>
        <AD_Org_ID>0</AD_Org_ID>
        <MsgType>E</MsgType>
        <MsgText>You are not entitled to request a German VAT ID.</MsgText>
        <MsgTip/>
        <IsActive>Y</IsActive>
        <Value>BXS_eVatR_Error_213</Value>
        <EntityType>BAY</EntityType>
        <AD_Message_UU>d0002372-5af7-42e8-8f34-fed468cd1539</AD_Message_UU>
        <AD_Message_Trl type="translation">
            <MsgText>Sie sind nicht zur Abfrage einer deutschen USt-IdNr. berechtigt.</MsgText>
            <MsgTip/>
            <AD_Language>de_DE</AD_Language>
            <IsActive>Y</IsActive>
            <IsTranslated>Y</IsTranslated>
        </AD_Message_Trl>
        <AD_Message_Trl type="translation">
            <MsgText>You are not entitled to request a German VAT ID.</MsgText>
            <MsgTip/>
            <AD_Language>en_US</AD_Language>
            <IsActive>Y</IsActive>
            <IsTranslated>Y</IsTranslated>
        </AD_Message_Trl>
    </AD_Message>
    <AD_Message type="table">
        <AD_Client_ID>0</AD_Client_ID>
        <AD_Org_ID>0</AD_Org_ID>
        <MsgType>E</MsgType>
        <MsgText>Your German VAT number is incorrect. It begins with 'DE' followed by 9 digits.</MsgText>
        <MsgTip/>
        <IsActive>Y</IsActive>
        <Value>BXS_eVatR_Error_214</Value>
        <EntityType>BAY</EntityType>
        <AD_Message_UU>4a3ae5ca-4ea3-47c7-a17e-8a05b34a8db1</AD_Message_UU>
        <AD_Message_Trl type="translation">
            <MsgText>Ihre deutsche USt-IdNr. ist fehlerhaft. Sie beginnt mit 'DE' gefolgt von 9 Ziffern.</MsgText>
            <MsgTip/>
            <AD_Language>de_DE</AD_Language>
            <IsActive>Y</IsActive>
            <IsTranslated>Y</IsTranslated>
        </AD_Message_Trl>
        <AD_Message_Trl type="translation">
            <MsgText>Your German VAT number is incorrect. It begins with 'DE' followed by 9 digits.</MsgText>
            <MsgTip/>
            <AD_Language>en_US</AD_Language>
            <IsActive>Y</IsActive>
            <IsTranslated>Y</IsTranslated>
        </AD_Message_Trl>
    </AD_Message>
    <AD_Message type="table">
        <AD_Client_ID>0</AD_Client_ID>
        <AD_Org_ID>0</AD_Org_ID>
        <MsgType>E</MsgType>
        <MsgText>Your request does not contain all the necessary details for a simple confirmation request (Your German VAT number and the other. USt ID No.).
Your request cannot be processed.</MsgText>
        <MsgTip/>
        <IsActive>Y</IsActive>
        <Value>BXS_eVatR_Error_215</Value>
        <EntityType>BAY</EntityType>
        <AD_Message_UU>f5906f3d-2a5f-4694-b2ca-3c883b0faea6</AD_Message_UU>
        <AD_Message_Trl type="translation">
            <MsgText>Ihre Anfrage enthält nicht alle notwendigen Angaben für eine einfache Bestätigungsanfrage (Ihre deutsche USt-IdNr. und die ausl. USt-IdNr.).
Ihre Anfrage kann deshalb nicht bearbeitet werden.</MsgText>
            <MsgTip/>
            <AD_Language>de_DE</AD_Language>
            <IsActive>Y</IsActive>
            <IsTranslated>Y</IsTranslated>
        </AD_Message_Trl>
        <AD_Message_Trl type="translation">
            <MsgText>Your request does not contain all the necessary details for a simple confirmation request (Your German VAT number and the other. USt ID No.).
Your request cannot be processed.</MsgText>
            <MsgTip/>
            <AD_Language>en_US</AD_Language>
            <IsActive>Y</IsActive>
            <IsTranslated>Y</IsTranslated>
        </AD_Message_Trl>
    </AD_Message>
    <AD_Message type="table">
        <AD_Client_ID>0</AD_Client_ID>
        <AD_Org_ID>0</AD_Org_ID>
        <MsgType>I</MsgType>
        <MsgText>Your request does not contain all necessary details for a qualified confirmation request (your German VAT, the validated VAT number, company name incl. legal form and place).
A simple confirmation request has been made with the following results:
The requested VAT ID is valid.</MsgText>
        <MsgTip/>
        <IsActive>Y</IsActive>
        <Value>BXS_eVatR_Error_216</Value>
        <EntityType>BAY</EntityType>
        <AD_Message_UU>178e93e1-9ea8-4cf9-9819-4cb06492c93b</AD_Message_UU>
        <AD_Message_Trl type="translation">
            <MsgText>Ihre Anfrage enthält nicht alle notwendigen Angaben für eine qualifizierte Bestätigungsanfrage (Ihre deutsche USt-IdNr., die ausl. USt-IdNr., Firmenname einschl. Rechtsform und Ort).
Es wurde eine einfache Bestätigungsanfrage durchgeführt mit folgenden Ergebnis:
Die angefragte USt-IdNr. ist gültig.</MsgText>
            <MsgTip/>
            <AD_Language>de_DE</AD_Language>
            <IsActive>Y</IsActive>
            <IsTranslated>Y</IsTranslated>
        </AD_Message_Trl>
        <AD_Message_Trl type="translation">
            <MsgText>Your request does not contain all necessary details for a qualified confirmation request (your German VAT, the validated VAT number, company name incl. legal form and place).
A simple confirmation request has been made with the following results:
The requested VAT ID is valid.</MsgText>
            <MsgTip/>
            <AD_Language>en_US</AD_Language>
            <IsActive>Y</IsActive>
            <IsTranslated>Y</IsTranslated>
        </AD_Message_Trl>
    </AD_Message>
    <AD_Message type="table">
        <AD_Client_ID>0</AD_Client_ID>
        <AD_Org_ID>0</AD_Org_ID>
        <MsgType>E</MsgType>
        <MsgText>An error has occurred during the processing of the data from the requested EU member state. Your request cannot be processed.</MsgText>
        <MsgTip/>
        <IsActive>Y</IsActive>
        <Value>BXS_eVatR_Error_217</Value>
        <EntityType>BAY</EntityType>
        <AD_Message_UU>447ad469-3ac8-4f58-89d8-88c2f3d6e71c</AD_Message_UU>
        <AD_Message_Trl type="translation">
            <MsgText>Bei der Verarbeitung der Daten aus dem angefragten EU-Mitgliedstaat ist ein Fehler aufgetreten. Ihre Anfrage kann deshalb nicht bearbeitet werden.</MsgText>
            <MsgTip/>
            <AD_Language>de_DE</AD_Language>
            <IsActive>Y</IsActive>
            <IsTranslated>Y</IsTranslated>
        </AD_Message_Trl>
        <AD_Message_Trl type="translation">
            <MsgText>An error has occurred during the processing of the data from the requested EU member state. Your request cannot be processed.</MsgText>
            <MsgTip/>
            <AD_Language>en_US</AD_Language>
            <IsActive>Y</IsActive>
            <IsTranslated>Y</IsTranslated>
        </AD_Message_Trl>
    </AD_Message>
    <AD_Message type="table">
        <AD_Client_ID>0</AD_Client_ID>
        <AD_Org_ID>0</AD_Org_ID>
        <MsgType>I</MsgType>
        <MsgText>A qualified confirmation is not possible at this time. A simple confirmation request has been made with the following results:
The requested VAT ID is valid.</MsgText>
        <MsgTip/>
        <IsActive>Y</IsActive>
        <Value>BXS_eVatR_Error_218</Value>
        <EntityType>BAY</EntityType>
        <AD_Message_UU>d1077b7d-43f6-4587-8ecd-6137801f0244</AD_Message_UU>
        <AD_Message_Trl type="translation">
            <MsgText>Eine qualifizierte Bestätigung ist zur Zeit nicht möglich. Es wurde eine einfache Bestätigungsanfrage mit folgendem Ergebnis durchgeführt:
Die angefragte USt-IdNr. ist gültig.</MsgText>
            <MsgTip/>
            <AD_Language>de_DE</AD_Language>
            <IsActive>Y</IsActive>
            <IsTranslated>Y</IsTranslated>
        </AD_Message_Trl>
        <AD_Message_Trl type="translation">
            <MsgText>A qualified confirmation is not possible at this time. A simple confirmation request has been made with the following results:
The requested VAT ID is valid.</MsgText>
            <MsgTip/>
            <AD_Language>en_US</AD_Language>
            <IsActive>Y</IsActive>
            <IsTranslated>Y</IsTranslated>
        </AD_Message_Trl>
    </AD_Message>
    <AD_Message type="table">
        <AD_Client_ID>0</AD_Client_ID>
        <AD_Org_ID>0</AD_Org_ID>
        <MsgType>I</MsgType>
        <MsgText>An error occurred when performing the qualified confirmation request. A simple confirmation request has been made with the following results:
The requested VAT ID is valid.</MsgText>
        <MsgTip/>
        <IsActive>Y</IsActive>
        <Value>BXS_eVatR_Error_219</Value>
        <EntityType>BAY</EntityType>
        <AD_Message_UU>057c1fb0-688d-4bc7-9225-66875579d278</AD_Message_UU>
        <AD_Message_Trl type="translation">
            <MsgText>Bei der Durchführung der qualifizierten Bestätigungsanfrage ist ein Fehler aufgetreten. Es wurde eine einfache Bestätigungsanfrage mit folgendem Ergebnis durchgeführt:
Die angefragte USt-IdNr. ist gültig.</MsgText>
            <MsgTip/>
            <AD_Language>de_DE</AD_Language>
            <IsActive>Y</IsActive>
            <IsTranslated>Y</IsTranslated>
        </AD_Message_Trl>
        <AD_Message_Trl type="translation">
            <MsgText>An error occurred when performing the qualified confirmation request. A simple confirmation request has been made with the following results:
The requested VAT ID is valid.</MsgText>
            <MsgTip/>
            <AD_Language>en_US</AD_Language>
            <IsActive>Y</IsActive>
            <IsTranslated>Y</IsTranslated>
        </AD_Message_Trl>
    </AD_Message>
    <AD_Message type="table">
        <AD_Client_ID>0</AD_Client_ID>
        <AD_Org_ID>0</AD_Org_ID>
        <MsgType>E</MsgType>
        <MsgText>The request data does not contain all necessary parameters or an invalid data type.</MsgText>
        <MsgTip/>
        <IsActive>Y</IsActive>
        <Value>BXS_eVatR_Error_221</Value>
        <EntityType>BAY</EntityType>
        <AD_Message_UU>34047c28-33fd-4063-a2e6-dbaaa72d554e</AD_Message_UU>
        <AD_Message_Trl type="translation">
            <MsgText>Die Anfragedaten enthalten nicht alle notwendigen Parameter oder einen ungültigen Datentyp.</MsgText>
            <MsgTip/>
            <AD_Language>de_DE</AD_Language>
            <IsActive>Y</IsActive>
            <IsTranslated>Y</IsTranslated>
        </AD_Message_Trl>
        <AD_Message_Trl type="translation">
            <MsgText>The request data does not contain all necessary parameters or an invalid data type.</MsgText>
            <MsgTip/>
            <AD_Language>en_US</AD_Language>
            <IsActive>Y</IsActive>
            <IsTranslated>Y</IsTranslated>
        </AD_Message_Trl>
    </AD_Message>
    <AD_Message type="table">
        <AD_Client_ID>0</AD_Client_ID>
        <AD_Org_ID>0</AD_Org_ID>
        <MsgType>I</MsgType>
        <MsgText>The requested VAT ID number is valid. The print function is no longer available because proof must be provided in accordance with UStAE § 18e.1.</MsgText>
        <MsgTip/>
        <IsActive>Y</IsActive>
        <Value>BXS_eVatR_Error_223</Value>
        <EntityType>BAY</EntityType>
        <AD_Message_UU>c8760636-8e7a-4b14-b728-549c3abcb585</AD_Message_UU>
        <AD_Message_Trl type="translation">
            <MsgText>Die angefragte USt-IdNr. ist gültig. Die Druckfunktion steht nicht mehr zur Verfügung, da der Nachweis gem. UStAE zu § 18e.1 zu führen ist.</MsgText>
            <MsgTip/>
            <AD_Language>de_DE</AD_Language>
            <IsActive>Y</IsActive>
            <IsTranslated>Y</IsTranslated>
        </AD_Message_Trl>
        <AD_Message_Trl type="translation">
            <MsgText>The requested VAT ID number is valid. The print function is no longer available because proof must be provided in accordance with UStAE § 18e.1.</MsgText>
            <MsgTip/>
            <AD_Language>en_US</AD_Language>
            <IsActive>Y</IsActive>
            <IsTranslated>Y</IsTranslated>
        </AD_Message_Trl>
    </AD_Message>
    <AD_Message type="table">
        <AD_Client_ID>0</AD_Client_ID>
        <AD_Org_ID>0</AD_Org_ID>
        <MsgType>E</MsgType>
        <MsgText>Your request is not possible at present. Please try again later.</MsgText>
        <MsgTip/>
        <IsActive>Y</IsActive>
        <Value>BXS_eVatR_Error_999</Value>
        <EntityType>BAY</EntityType>
        <AD_Message_UU>853769a3-6ad8-4702-aae9-2c4291326136</AD_Message_UU>
        <AD_Message_Trl type="translation">
            <MsgText>Eine Bearbeitung Ihrer Anfrage ist zurzeit nicht möglich. Bitte versuchen Sie es später noch einmal.</MsgText>
            <MsgTip/>
            <AD_Language>de_DE</AD_Language>
            <IsActive>Y</IsActive>
            <IsTranslated>Y</IsTranslated>
        </AD_Message_Trl>
        <AD_Message_Trl type="translation">
            <MsgText>Your request is not possible at present. Please try again later.</MsgText>
            <MsgTip/>
            <AD_Language>en_US</AD_Language>
            <IsActive>Y</IsActive>
            <IsTranslated>Y</IsTranslated>
        </AD_Message_Trl>
    </AD_Message>
    <AD_Message type="table">
        <AD_Client_ID>0</AD_Client_ID>
        <AD_Org_ID>0</AD_Org_ID>
        <MsgType>I</MsgType>
        <MsgText>Valid VAT Number</MsgText>
        <MsgTip/>
        <IsActive>Y</IsActive>
        <Value>BXS_ValidVATNumber</Value>
        <EntityType>BAY</EntityType>
        <AD_Message_UU>d43a732b-d712-48c5-a131-075b1df6c45c</AD_Message_UU>
        <AD_Message_Trl type="translation">
            <MsgText>UStID OK</MsgText>
            <MsgTip/>
            <AD_Language>de_DE</AD_Language>
            <IsActive>Y</IsActive>
            <IsTranslated>Y</IsTranslated>
        </AD_Message_Trl>
        <AD_Message_Trl type="translation">
            <MsgText>Valid VAT Number</MsgText>
            <MsgTip/>
            <AD_Language>en_US</AD_Language>
            <IsActive>Y</IsActive>
            <IsTranslated>Y</IsTranslated>
        </AD_Message_Trl>
    </AD_Message>
    <AD_Element type="table">
        <AD_Client_ID>0</AD_Client_ID>
        <AD_Org_ID>0</AD_Org_ID>
        <IsActive>Y</IsActive>
        <ColumnName>BXS_IsValidVATNumber</ColumnName>
        <Name>Valid VAT Number</Name>
        <Description/>
        <Help/>
        <PrintName>Valid VAT Number</PrintName>
        <PO_Description/>
        <PO_Help/>
        <PO_Name/>
        <PO_PrintName/>
        <EntityType>BAY</EntityType>
        <AD_Element_UU>53454812-762c-41a2-8cbe-9b9941b1c126</AD_Element_UU>
        <Placeholder/>
        <AD_Element_Trl type="translation">
            <Description/>
            <Help/>
            <Name>Gültige USt-IdNr</Name>
            <Placeholder/>
            <PO_Description/>
            <PO_Help/>
            <PO_Name/>
            <PO_PrintName/>
            <PrintName>Gültige USt-IdNr</PrintName>
            <AD_Language>de_DE</AD_Language>
            <IsActive>Y</IsActive>
            <IsTranslated>Y</IsTranslated>
        </AD_Element_Trl>
        <AD_Element_Trl type="translation">
            <Description/>
            <Help/>
            <Name>Valid VAT Number</Name>
            <Placeholder/>
            <PO_Description/>
            <PO_Help/>
            <PO_Name/>
            <PO_PrintName/>
            <PrintName>Valid VAT Number</PrintName>
            <AD_Language>en_US</AD_Language>
            <IsActive>Y</IsActive>
            <IsTranslated>Y</IsTranslated>
        </AD_Element_Trl>
    </AD_Element>
    <AD_ToolBarButton type="table">
        <AD_Client_ID>0</AD_Client_ID>
        <AD_Org_ID>0</AD_Org_ID>
        <ComponentName>BXS_ViesValidator</ComponentName>
        <IsActive>Y</IsActive>
        <Name>Validate VAT Number</Name>
        <IsCustomization>N</IsCustomization>
        <ActionClassName/>
        <ActionName/>
        <KeyStroke_KeyCode/>
        <KeyStroke_Modifiers/>
        <AD_ToolBarButton_UU>65d62f90-3ab5-4805-8db7-e26201983b92</AD_ToolBarButton_UU>
        <Action>W</Action>
        <AD_Tab_ID reference="id">220</AD_Tab_ID>
        <AD_Process_ID reference="uuid" reference-key="AD_Process">6ba05cd7-3b01-4d34-b168-a46193ad22b2</AD_Process_ID>
        <DisplayLogic>@TaxID@!''</DisplayLogic>
        <SeqNo>10</SeqNo>
        <IsAdvancedButton>N</IsAdvancedButton>
        <IsAddSeparator>N</IsAddSeparator>
        <ReadOnlyLogic/>
        <PressedLogic/>
        <EntityType>BAY</EntityType>
        <IsShowMore>N</IsShowMore>
    </AD_ToolBarButton>
</idempiere>
